{
    "threads_metrics": {
        "0": {
            "precision": 0.9523385300668151,
            "recall": 0.9517026485644335,
            "f1-score": 0.9520204831348101,
            "support": 4493
        },
        "1": {
            "precision": 0.9434748632456369,
            "recall": 0.9442127215849844,
            "f1-score": 0.943843648208469,
            "support": 3836
        },
        "accuracy": 0.9482530916076359,
        "macro avg": {
            "precision": 0.947906696656226,
            "recall": 0.9479576850747089,
            "f1-score": 0.9479320656716396,
            "support": 8329
        },
        "weighted avg": {
            "precision": 0.9482562841878334,
            "recall": 0.9482530916076359,
            "f1-score": 0.9482545642036726,
            "support": 8329
        }
    }
}