{
    "threads_metrics": {
        "0": {
            "precision": 0.8830943068231204,
            "recall": 0.9045181393278433,
            "f1-score": 0.8936778449697637,
            "support": 4493
        },
        "1": {
            "precision": 0.8848940166353636,
            "recall": 0.8597497393117831,
            "f1-score": 0.8721406849133941,
            "support": 3836
        },
        "accuracy": 0.8838996278064594,
        "macro avg": {
            "precision": 0.883994161729242,
            "recall": 0.8821339393198132,
            "f1-score": 0.8829092649415788,
            "support": 8329
        },
        "weighted avg": {
            "precision": 0.8839231802580784,
            "recall": 0.8838996278064594,
            "f1-score": 0.8837587014980103,
            "support": 8329
        }
    }
}