{
    "threads_metrics": {
        "0": {
            "precision": 0.934256926952141,
            "recall": 0.9395820139328689,
            "f1-score": 0.9369119040101042,
            "support": 7895
        },
        "1": {
            "precision": 0.9347290640394089,
            "recall": 0.9290085679314566,
            "f1-score": 0.9318600368324127,
            "support": 7353
        },
        "accuracy": 0.9344832109129066,
        "macro avg": {
            "precision": 0.934492995495775,
            "recall": 0.9342952909321627,
            "f1-score": 0.9343859704212585,
            "support": 15248
        },
        "weighted avg": {
            "precision": 0.9344846042870492,
            "recall": 0.9344832109129066,
            "f1-score": 0.934475756360736,
            "support": 15248
        }
    }
}