{
    "threads_metrics": {
        "0": {
            "precision": 0.924240498283971,
            "recall": 0.9193324061196105,
            "f1-score": 0.9217799188640973,
            "support": 7909
        },
        "1": {
            "precision": 0.9137604758042714,
            "recall": 0.9189777052746058,
            "f1-score": 0.9163616646333197,
            "support": 7356
        },
        "accuracy": 0.9191614805109728,
        "macro avg": {
            "precision": 0.9190004870441213,
            "recall": 0.9191550556971082,
            "f1-score": 0.9190707917487084,
            "support": 15265
        },
        "weighted avg": {
            "precision": 0.9191903151617523,
            "recall": 0.9191614805109728,
            "f1-score": 0.9191689343818438,
            "support": 15265
        }
    }
}