{
    "threads_metrics": {
        "0": {
            "precision": 0.9179965627301743,
            "recall": 0.9455051207485143,
            "f1-score": 0.9315478044222983,
            "support": 7909
        },
        "1": {
            "precision": 0.9394577890153112,
            "recall": 0.9091897770527461,
            "f1-score": 0.9240759930915371,
            "support": 7356
        },
        "accuracy": 0.9280052407468065,
        "macro avg": {
            "precision": 0.9287271758727427,
            "recall": 0.9273474489006301,
            "f1-score": 0.9278118987569177,
            "support": 15265
        },
        "weighted avg": {
            "precision": 0.9283384415741616,
            "recall": 0.9280052407468065,
            "f1-score": 0.9279472381498398,
            "support": 15265
        }
    }
}