{
    "threads_metrics": {
        "0": {
            "precision": 0.953054221002059,
            "recall": 0.9050971190196845,
            "f1-score": 0.9284568066327895,
            "support": 7671
        },
        "1": {
            "precision": 0.8912946095266537,
            "recall": 0.9458089050863572,
            "f1-score": 0.9177429274292744,
            "support": 6311
        },
        "accuracy": 0.9234730367615506,
        "macro avg": {
            "precision": 0.9221744152643564,
            "recall": 0.9254530120530209,
            "f1-score": 0.923099867031032,
            "support": 13982
        },
        "weighted avg": {
            "precision": 0.9251780296116082,
            "recall": 0.9234730367615506,
            "f1-score": 0.9236209253816535,
            "support": 13982
        }
    }
}