{
    "threads_metrics": {
        "0": {
            "precision": 0.8785852922147941,
            "recall": 0.9067438237257957,
            "f1-score": 0.8924424972617745,
            "support": 4493
        },
        "1": {
            "precision": 0.8865113759479957,
            "recall": 0.8532325338894682,
            "f1-score": 0.8695536663124336,
            "support": 3836
        },
        "accuracy": 0.8820986913194862,
        "macro avg": {
            "precision": 0.8825483340813949,
            "recall": 0.8799881788076319,
            "f1-score": 0.880998081787104,
            "support": 8329
        },
        "weighted avg": {
            "precision": 0.8822357253040678,
            "recall": 0.8820986913194862,
            "f1-score": 0.8819008289316421,
            "support": 8329
        }
    }
}