{
    "threads_metrics": {
        "0": {
            "precision": 0.9311163895486936,
            "recall": 0.9417119737008471,
            "f1-score": 0.9363842092029168,
            "support": 7909
        },
        "1": {
            "precision": 0.9365538122763556,
            "recall": 0.9250951604132681,
            "f1-score": 0.9307892217206948,
            "support": 7356
        },
        "accuracy": 0.9337045528987881,
        "macro avg": {
            "precision": 0.9338351009125245,
            "recall": 0.9334035670570576,
            "f1-score": 0.9335867154618058,
            "support": 15265
        },
        "weighted avg": {
            "precision": 0.9337366110740575,
            "recall": 0.9337045528987881,
            "f1-score": 0.9336880593228497,
            "support": 15265
        }
    }
}