{
    "threads_metrics": {
        "0": {
            "precision": 0.9523599470666079,
            "recall": 0.9517302182058629,
            "f1-score": 0.9520449785029214,
            "support": 4537
        },
        "1": {
            "precision": 0.9439467622216534,
            "recall": 0.944672131147541,
            "f1-score": 0.9443093073870183,
            "support": 3904
        },
        "accuracy": 0.9484658215851203,
        "macro avg": {
            "precision": 0.9481533546441306,
            "recall": 0.948201174676702,
            "f1-score": 0.9481771429449699,
            "support": 8441
        },
        "weighted avg": {
            "precision": 0.9484688116993881,
            "recall": 0.9484658215851203,
            "f1-score": 0.9484671962453114,
            "support": 8441
        }
    }
}