{
    "threads_metrics": {
        "0": {
            "precision": 0.9400220507166482,
            "recall": 0.9488092588470954,
            "f1-score": 0.944395214887018,
            "support": 4493
        },
        "1": {
            "precision": 0.9393779652082235,
            "recall": 0.9290928050052137,
            "f1-score": 0.9342070773263433,
            "support": 3836
        },
        "accuracy": 0.9397286589026294,
        "macro avg": {
            "precision": 0.9397000079624358,
            "recall": 0.9389510319261546,
            "f1-score": 0.9393011461066807,
            "support": 8329
        },
        "weighted avg": {
            "precision": 0.9397254110227693,
            "recall": 0.9397286589026294,
            "f1-score": 0.9397029714384949,
            "support": 8329
        }
    }
}