{
    "threads_metrics": {
        "0": {
            "precision": 0.9529385771100309,
            "recall": 0.9506281683932114,
            "f1-score": 0.9517819706498952,
            "support": 4537
        },
        "1": {
            "precision": 0.9427841634738187,
            "recall": 0.9454405737704918,
            "f1-score": 0.9441105000639468,
            "support": 3904
        },
        "accuracy": 0.9482288828337875,
        "macro avg": {
            "precision": 0.9478613702919247,
            "recall": 0.9480343710818516,
            "f1-score": 0.947946235356921,
            "support": 8441
        },
        "weighted avg": {
            "precision": 0.9482421156912686,
            "recall": 0.9482288828337875,
            "f1-score": 0.9482338814226066,
            "support": 8441
        }
    }
}