{
    "threads_metrics": {
        "0": {
            "precision": 0.8844221105527639,
            "recall": 0.9009570442911196,
            "f1-score": 0.8926130099228227,
            "support": 4493
        },
        "1": {
            "precision": 0.8813965884861408,
            "recall": 0.8620959332638165,
            "f1-score": 0.8716394306800211,
            "support": 3836
        },
        "accuracy": 0.8830591907792051,
        "macro avg": {
            "precision": 0.8829093495194523,
            "recall": 0.8815264887774681,
            "f1-score": 0.882126220301422,
            "support": 8329
        },
        "weighted avg": {
            "precision": 0.8830286776499465,
            "recall": 0.8830591907792051,
            "f1-score": 0.882953428943667,
            "support": 8329
        }
    }
}