{
    "threads_metrics": {
        "0": {
            "precision": 0.8819550512764565,
            "recall": 0.8996216336523482,
            "f1-score": 0.8907007492287351,
            "support": 4493
        },
        "1": {
            "precision": 0.8796049119060331,
            "recall": 0.8589676746611054,
            "f1-score": 0.8691638090213664,
            "support": 3836
        },
        "accuracy": 0.8808980669948373,
        "macro avg": {
            "precision": 0.8807799815912447,
            "recall": 0.8792946541567268,
            "f1-score": 0.8799322791250508,
            "support": 8329
        },
        "weighted avg": {
            "precision": 0.8808726722843873,
            "recall": 0.8808980669948373,
            "f1-score": 0.8807817070105257,
            "support": 8329
        }
    }
}