{
    "threads_metrics": {
        "accuracy": 0.7774042502101093,
        "macro avg": {
            "precision": 0.7953059348570576,
            "recall": 0.7663662360195572,
            "f1-score": 0.768092267102069,
            "support": 8329
        },
        "weighted avg": {
            "precision": 0.7909189871461121,
            "recall": 0.7774042502101093,
            "f1-score": 0.7717579189306984,
            "support": 8329
        },
        "categories": [
            [
                0,
                {
                    "precision": 0.7396911898274297,
                    "recall": 0.9062986868462052,
                    "f1-score": 0.8145629125825166,
                    "support": 4493
                }
            ],
            [
                1,
                {
                    "precision": 0.8509206798866855,
                    "recall": 0.6264337851929093,
                    "f1-score": 0.7216216216216215,
                    "support": 3836
                }
            ]
        ]
    }
}