{
    "threads_metrics": {
        "0": {
            "precision": 0.8701382886776146,
            "recall": 0.8962831070554196,
            "f1-score": 0.8830172130248876,
            "support": 4493
        },
        "1": {
            "precision": 0.8740880843015402,
            "recall": 0.8433263816475496,
            "f1-score": 0.8584317367652913,
            "support": 3836
        },
        "accuracy": 0.8718933845599712,
        "macro avg": {
            "precision": 0.8721131864895774,
            "recall": 0.8698047443514846,
            "f1-score": 0.8707244748950894,
            "support": 8329
        },
        "weighted avg": {
            "precision": 0.8719574045394682,
            "recall": 0.8718933845599712,
            "f1-score": 0.8716941385943663,
            "support": 8329
        }
    }
}