{
    "threads_metrics": {
        "accuracy": 0.8459598991475568,
        "macro avg": {
            "precision": 0.8473947516829383,
            "recall": 0.8424699921346773,
            "f1-score": 0.8440488818821041,
            "support": 8329
        },
        "weighted avg": {
            "precision": 0.846600566244231,
            "recall": 0.8459598991475568,
            "f1-score": 0.845410637135252,
            "support": 8329
        },
        "categories": [
            [
                0,
                {
                    "precision": 0.8373266078184111,
                    "recall": 0.8867126641442243,
                    "f1-score": 0.8613122905631823,
                    "support": 4493
                }
            ],
            [
                1,
                {
                    "precision": 0.8574628955474657,
                    "recall": 0.7982273201251303,
                    "f1-score": 0.8267854732010259,
                    "support": 3836
                }
            ]
        ]
    }
}